{
    "8982.jpg_to_8189.jpg": 0.29891057562089407,
    "8982.jpg_to_8994.jpg": 0.13031390032125978,
    "8982.jpg_to_8980.jpg": 0.14724746534338853,
    "8982.jpg_to_8990.jpg": 0.10556597320692418,
    "8982.jpg_to_3409.jpg": 0.3550013152684527,
    "8982.jpg_to_8116.jpg": 0.2529522087403634,
    "8982.jpg_to_3486.jpg": 0.416299222960565,
    "8982.jpg_to_1468.jpg": 0.26571190210494977,
    "8982.jpg_to_1479.jpg": 0.2635288522131978,
    "8982.jpg_to_1484.jpg": 0.2803484349043818,
    "8982.jpg_to_1488.jpg": 0.4816163631159502,
    "8982.jpg_to_3448.jpg": 0.3054762133033904,
    "8982.jpg_to_1472.jpg": 0.29138389549697025,
    "8982.jpg_to_3402.jpg": 0.36228438414379754,
    "8982.jpg_to_8965.jpg": 0.21302715387239712,
    "8189.jpg_to_8994.jpg": 0.21305665261645396,
    "8189.jpg_to_8980.jpg": 0.24257477321002324,
    "8189.jpg_to_8990.jpg": 0.24781912748516494,
    "8189.jpg_to_3409.jpg": 0.3020475326936878,
    "8189.jpg_to_8116.jpg": 0.17545815444222015,
    "8189.jpg_to_3486.jpg": 0.3467470321064905,
    "8189.jpg_to_1468.jpg": 0.23658843249833764,
    "8189.jpg_to_1479.jpg": 0.23473583133873838,
    "8189.jpg_to_1484.jpg": 0.1793117450759674,
    "8189.jpg_to_1488.jpg": 0.4239149745061069,
    "8189.jpg_to_3448.jpg": 0.22726893543679938,
    "8189.jpg_to_1472.jpg": 0.19671817983457845,
    "8189.jpg_to_3402.jpg": 0.3271161027239574,
    "8189.jpg_to_8965.jpg": 0.32077398643183286,
    "8994.jpg_to_8980.jpg": 0.11378734289182246,
    "8994.jpg_to_8990.jpg": 0.07708691413079377,
    "8994.jpg_to_3409.jpg": 0.3067088323197732,
    "8994.jpg_to_8116.jpg": 0.18453981739973052,
    "8994.jpg_to_3486.jpg": 0.3685462775774635,
    "8994.jpg_to_1468.jpg": 0.19177333955637624,
    "8994.jpg_to_1479.jpg": 0.22450996843027712,
    "8994.jpg_to_1484.jpg": 0.20380700009890312,
    "8994.jpg_to_1488.jpg": 0.4277080633224476,
    "8994.jpg_to_3448.jpg": 0.2445190925938726,
    "8994.jpg_to_1472.jpg": 0.21564384551241553,
    "8994.jpg_to_3402.jpg": 0.33348631710139354,
    "8994.jpg_to_8965.jpg": 0.1995989555866013,
    "8980.jpg_to_8990.jpg": 0.13874910036941807,
    "8980.jpg_to_3409.jpg": 0.29571656353887343,
    "8980.jpg_to_8116.jpg": 0.20575250220134983,
    "8980.jpg_to_3486.jpg": 0.3679442853218735,
    "8980.jpg_to_1468.jpg": 0.1682388836096953,
    "8980.jpg_to_1479.jpg": 0.19378584670888804,
    "8980.jpg_to_1484.jpg": 0.2004733512817718,
    "8980.jpg_to_1488.jpg": 0.4200829923649496,
    "8980.jpg_to_3448.jpg": 0.22825624225702998,
    "8980.jpg_to_1472.jpg": 0.2071881705053452,
    "8980.jpg_to_3402.jpg": 0.3303148017460471,
    "8980.jpg_to_8965.jpg": 0.20541137865580888,
    "8990.jpg_to_3409.jpg": 0.3349883386473867,
    "8990.jpg_to_8116.jpg": 0.22954538663436103,
    "8990.jpg_to_3486.jpg": 0.401559748697647,
    "8990.jpg_to_1468.jpg": 0.23317919655703334,
    "8990.jpg_to_1479.jpg": 0.24590001542952694,
    "8990.jpg_to_1484.jpg": 0.24506967245607345,
    "8990.jpg_to_1488.jpg": 0.44937349558642753,
    "8990.jpg_to_3448.jpg": 0.278808271825704,
    "8990.jpg_to_1472.jpg": 0.23977422873448864,
    "8990.jpg_to_3402.jpg": 0.36714790809578357,
    "8990.jpg_to_8965.jpg": 0.21002542746369252,
    "3409.jpg_to_8116.jpg": 0.29263049168266264,
    "3409.jpg_to_3486.jpg": 0.19422636932514012,
    "3409.jpg_to_1468.jpg": 0.298354650280489,
    "3409.jpg_to_1479.jpg": 0.2694950213373884,
    "3409.jpg_to_1484.jpg": 0.2679120327045353,
    "3409.jpg_to_1488.jpg": 0.2887431334212011,
    "3409.jpg_to_3448.jpg": 0.1933790276204227,
    "3409.jpg_to_1472.jpg": 0.29660971954713367,
    "3409.jpg_to_3402.jpg": 0.3196201022942283,
    "3409.jpg_to_8965.jpg": 0.3765629163367421,
    "8116.jpg_to_3486.jpg": 0.36010308632039845,
    "8116.jpg_to_1468.jpg": 0.23006052669702445,
    "8116.jpg_to_1479.jpg": 0.2410590863244035,
    "8116.jpg_to_1484.jpg": 0.19640224779830748,
    "8116.jpg_to_1488.jpg": 0.4244596282027933,
    "8116.jpg_to_3448.jpg": 0.2496333254979476,
    "8116.jpg_to_1472.jpg": 0.2421249108344564,
    "8116.jpg_to_3402.jpg": 0.318297324817703,
    "8116.jpg_to_8965.jpg": 0.2855831164917646,
    "3486.jpg_to_1468.jpg": 0.3587151492244278,
    "3486.jpg_to_1479.jpg": 0.35297733535581277,
    "3486.jpg_to_1484.jpg": 0.284329186988338,
    "3486.jpg_to_1488.jpg": 0.3610291149029033,
    "3486.jpg_to_3448.jpg": 0.25478968158348136,
    "3486.jpg_to_1472.jpg": 0.3677300032284068,
    "3486.jpg_to_3402.jpg": 0.3562220790861854,
    "3486.jpg_to_8965.jpg": 0.3803410288742204,
    "1468.jpg_to_1479.jpg": 0.1896494659861977,
    "1468.jpg_to_1484.jpg": 0.1931425050506381,
    "1468.jpg_to_1488.jpg": 0.4319364591810466,
    "1468.jpg_to_3448.jpg": 0.21467321618204654,
    "1468.jpg_to_1472.jpg": 0.2063941339794853,
    "1468.jpg_to_3402.jpg": 0.30074761806481964,
    "1468.jpg_to_8965.jpg": 0.26694455312710774,
    "1479.jpg_to_1484.jpg": 0.18660907963336396,
    "1479.jpg_to_1488.jpg": 0.41160499745230084,
    "1479.jpg_to_3448.jpg": 0.20146947394461162,
    "1479.jpg_to_1472.jpg": 0.20150623248676977,
    "1479.jpg_to_3402.jpg": 0.2392355105078568,
    "1479.jpg_to_8965.jpg": 0.2945409614201113,
    "1484.jpg_to_1488.jpg": 0.39880968463627875,
    "1484.jpg_to_3448.jpg": 0.18240113308296485,
    "1484.jpg_to_1472.jpg": 0.19232567291730668,
    "1484.jpg_to_3402.jpg": 0.27931390889705765,
    "1484.jpg_to_8965.jpg": 0.2351109079332031,
    "1488.jpg_to_3448.jpg": 0.3559906384070769,
    "1488.jpg_to_1472.jpg": 0.36742632565171285,
    "1488.jpg_to_3402.jpg": 0.49557044469808503,
    "1488.jpg_to_8965.jpg": 0.4855127491969736,
    "3448.jpg_to_1472.jpg": 0.1992983812206644,
    "3448.jpg_to_3402.jpg": 0.2669778703298443,
    "3448.jpg_to_8965.jpg": 0.3099154682304989,
    "1472.jpg_to_3402.jpg": 0.3419303486111209,
    "1472.jpg_to_8965.jpg": 0.3132657755816905,
    "3402.jpg_to_8965.jpg": 0.3784341390763739
}