{
    "8982.jpg vs 8189.jpg": {
        "global_distance": 92.4103378754496
    },
    "8982.jpg vs 8994.jpg": {
        "global_distance": 77.9223911386022
    },
    "8982.jpg vs 8980.jpg": {
        "global_distance": 85.4906277473978
    },
    "8982.jpg vs 8200.jpg": {
        "global_distance": 90.03514793456918
    },
    "8982.jpg vs 8990.jpg": {
        "global_distance": 73.97332739103537
    },
    "8982.jpg vs 3409.jpg": {
        "global_distance": 111.52277295325105
    },
    "8982.jpg vs 3408.jpg": {
        "global_distance": 130.71060357263326
    },
    "8982.jpg vs 8116.jpg": {
        "global_distance": 82.36345957684718
    },
    "8982.jpg vs 3486.jpg": {
        "global_distance": 95.79969036510784
    },
    "8982.jpg vs 1468.jpg": {
        "global_distance": 101.14946259847444
    },
    "8982.jpg vs 1479.jpg": {
        "global_distance": 116.28779987112301
    },
    "8982.jpg vs 1484.jpg": {
        "global_distance": 104.56170770000116
    },
    "8982.jpg vs 1488.jpg": {
        "global_distance": 113.10448246210957
    },
    "8982.jpg vs 3448.jpg": {
        "global_distance": 118.77703650083157
    },
    "8982.jpg vs 1472.jpg": {
        "global_distance": 116.86949093515403
    },
    "8982.jpg vs 8185.jpg": {
        "global_distance": 100.29835465834982
    },
    "8982.jpg vs 3402.jpg": {
        "global_distance": 101.14867405920246
    },
    "8982.jpg vs 8186.jpg": {
        "global_distance": 88.34319963798832
    },
    "8982.jpg vs 8965.jpg": {
        "global_distance": 73.35574908847197
    },
    "8189.jpg vs 8994.jpg": {
        "global_distance": 87.21561239224046
    },
    "8189.jpg vs 8980.jpg": {
        "global_distance": 91.6585206442395
    },
    "8189.jpg vs 8200.jpg": {
        "global_distance": 74.76659182281173
    },
    "8189.jpg vs 8990.jpg": {
        "global_distance": 88.25301674498138
    },
    "8189.jpg vs 3409.jpg": {
        "global_distance": 112.63938346832894
    },
    "8189.jpg vs 3408.jpg": {
        "global_distance": 108.72899609193843
    },
    "8189.jpg vs 8116.jpg": {
        "global_distance": 75.85476177138996
    },
    "8189.jpg vs 3486.jpg": {
        "global_distance": 108.57978388382304
    },
    "8189.jpg vs 1468.jpg": {
        "global_distance": 95.94537874470089
    },
    "8189.jpg vs 1479.jpg": {
        "global_distance": 105.86950718012449
    },
    "8189.jpg vs 1484.jpg": {
        "global_distance": 97.8925696007134
    },
    "8189.jpg vs 1488.jpg": {
        "global_distance": 114.90192284397826
    },
    "8189.jpg vs 3448.jpg": {
        "global_distance": 107.07454045509945
    },
    "8189.jpg vs 1472.jpg": {
        "global_distance": 102.507460073298
    },
    "8189.jpg vs 8185.jpg": {
        "global_distance": 83.53910851710661
    },
    "8189.jpg vs 3402.jpg": {
        "global_distance": 106.02303487585411
    },
    "8189.jpg vs 8186.jpg": {
        "global_distance": 87.17552833564932
    },
    "8189.jpg vs 8965.jpg": {
        "global_distance": 92.91300754727538
    },
    "8994.jpg vs 8980.jpg": {
        "global_distance": 85.47223959390989
    },
    "8994.jpg vs 8200.jpg": {
        "global_distance": 83.2949710885771
    },
    "8994.jpg vs 8990.jpg": {
        "global_distance": 75.66107628429808
    },
    "8994.jpg vs 3409.jpg": {
        "global_distance": 111.5579886004969
    },
    "8994.jpg vs 3408.jpg": {
        "global_distance": 118.4858184495157
    },
    "8994.jpg vs 8116.jpg": {
        "global_distance": 79.32528443149667
    },
    "8994.jpg vs 3486.jpg": {
        "global_distance": 100.03768046871313
    },
    "8994.jpg vs 1468.jpg": {
        "global_distance": 95.93567262047429
    },
    "8994.jpg vs 1479.jpg": {
        "global_distance": 109.90129977866748
    },
    "8994.jpg vs 1484.jpg": {
        "global_distance": 99.37893462817404
    },
    "8994.jpg vs 1488.jpg": {
        "global_distance": 110.5803363480639
    },
    "8994.jpg vs 3448.jpg": {
        "global_distance": 112.11845477635484
    },
    "8994.jpg vs 1472.jpg": {
        "global_distance": 108.49152847929871
    },
    "8994.jpg vs 8185.jpg": {
        "global_distance": 91.99375600831162
    },
    "8994.jpg vs 3402.jpg": {
        "global_distance": 101.72169978571073
    },
    "8994.jpg vs 8186.jpg": {
        "global_distance": 87.21727965114322
    },
    "8994.jpg vs 8965.jpg": {
        "global_distance": 78.82892074096974
    },
    "8980.jpg vs 8200.jpg": {
        "global_distance": 89.79356214587649
    },
    "8980.jpg vs 8990.jpg": {
        "global_distance": 84.21337418725764
    },
    "8980.jpg vs 3409.jpg": {
        "global_distance": 107.68885436073657
    },
    "8980.jpg vs 3408.jpg": {
        "global_distance": 113.90447584605305
    },
    "8980.jpg vs 8116.jpg": {
        "global_distance": 87.46212407775329
    },
    "8980.jpg vs 3486.jpg": {
        "global_distance": 97.45795341117652
    },
    "8980.jpg vs 1468.jpg": {
        "global_distance": 97.01145308507016
    },
    "8980.jpg vs 1479.jpg": {
        "global_distance": 105.83690800543216
    },
    "8980.jpg vs 1484.jpg": {
        "global_distance": 98.48825837053495
    },
    "8980.jpg vs 1488.jpg": {
        "global_distance": 108.50946445053623
    },
    "8980.jpg vs 3448.jpg": {
        "global_distance": 108.63012336227676
    },
    "8980.jpg vs 1472.jpg": {
        "global_distance": 106.84000474983755
    },
    "8980.jpg vs 8185.jpg": {
        "global_distance": 96.74921205871678
    },
    "8980.jpg vs 3402.jpg": {
        "global_distance": 98.27070971759143
    },
    "8980.jpg vs 8186.jpg": {
        "global_distance": 91.79527729575486
    },
    "8980.jpg vs 8965.jpg": {
        "global_distance": 85.2325497322897
    },
    "8200.jpg vs 8990.jpg": {
        "global_distance": 85.25541139634689
    },
    "8200.jpg vs 3409.jpg": {
        "global_distance": 117.70131501142333
    },
    "8200.jpg vs 3408.jpg": {
        "global_distance": 108.5842734617087
    },
    "8200.jpg vs 8116.jpg": {
        "global_distance": 60.5201595326616
    },
    "8200.jpg vs 3486.jpg": {
        "global_distance": 115.74135244982362
    },
    "8200.jpg vs 1468.jpg": {
        "global_distance": 95.36285092427408
    },
    "8200.jpg vs 1479.jpg": {
        "global_distance": 108.80200765915068
    },
    "8200.jpg vs 1484.jpg": {
        "global_distance": 97.65941144018596
    },
    "8200.jpg vs 1488.jpg": {
        "global_distance": 119.86296967797253
    },
    "8200.jpg vs 3448.jpg": {
        "global_distance": 107.9048702077837
    },
    "8200.jpg vs 1472.jpg": {
        "global_distance": 101.84229482308132
    },
    "8200.jpg vs 8185.jpg": {
        "global_distance": 71.48833082322315
    },
    "8200.jpg vs 3402.jpg": {
        "global_distance": 111.28612200837014
    },
    "8200.jpg vs 8186.jpg": {
        "global_distance": 81.37027944930918
    },
    "8200.jpg vs 8965.jpg": {
        "global_distance": 91.83231590932985
    },
    "8990.jpg vs 3409.jpg": {
        "global_distance": 113.93458803947509
    },
    "8990.jpg vs 3408.jpg": {
        "global_distance": 123.97804828792744
    },
    "8990.jpg vs 8116.jpg": {
        "global_distance": 79.75961102402891
    },
    "8990.jpg vs 3486.jpg": {
        "global_distance": 101.31057380279738
    },
    "8990.jpg vs 1468.jpg": {
        "global_distance": 97.61124206761761
    },
    "8990.jpg vs 1479.jpg": {
        "global_distance": 113.48840749724607
    },
    "8990.jpg vs 1484.jpg": {
        "global_distance": 101.79331658377136
    },
    "8990.jpg vs 1488.jpg": {
        "global_distance": 112.05978136554786
    },
    "8990.jpg vs 3448.jpg": {
        "global_distance": 116.0925142548432
    },
    "8990.jpg vs 1472.jpg": {
        "global_distance": 111.40650383810438
    },
    "8990.jpg vs 8185.jpg": {
        "global_distance": 93.89411954460115
    },
    "8990.jpg vs 3402.jpg": {
        "global_distance": 104.8849108326997
    },