{
    "8200.jpg": {
        "8982.jpg": 0.29084960170656987,
        "8189.jpg": 0.15234007617619844,
        "8994.jpg": 0.22526331640779762,
        "8980.jpg": 0.25657995708056724,
        "8990.jpg": 0.26360342395312386,
        "3409.jpg": 0.3106400290246478,
        "8116.jpg": 0.1276317379724702,
        "3486.jpg": 0.3581916251919469,
        "1468.jpg": 0.26071078267616277,
        "1479.jpg": 0.2684863007784567,
        "1484.jpg": 0.1986495696981956,
        "1488.jpg": 0.4271377034306009,
        "3448.jpg": 0.25021029421328844,
        "1472.jpg": 0.2602976997680203,
        "3402.jpg": 0.3235015110098447,
        "8965.jpg": 0.3057625374671946
    },
    "3408.jpg": {
        "8982.jpg": 0.40499496316649397,
        "8189.jpg": 0.3003765553439318,
        "8994.jpg": 0.34479140276734493,
        "8980.jpg": 0.34132236135599253,
        "8990.jpg": 0.3687467589875086,
        "3409.jpg": 0.2372576899263065,
        "8116.jpg": 0.3519932299177063,
        "3486.jpg": 0.299887565534852,
        "1468.jpg": 0.3237835562911059,
        "1479.jpg": 0.3124382802376685,
        "1484.jpg": 0.2812527731668684,
        "1488.jpg": 0.3560514033770248,
        "3448.jpg": 0.23796822921937744,
        "1472.jpg": 0.26691350801191416,
        "3402.jpg": 0.399230195561074,
        "8965.jpg": 0.4022479471946828
    },
    "8185.jpg": {
        "8982.jpg": 0.3132938086027346,
        "8189.jpg": 0.08566313567218795,
        "8994.jpg": 0.2354780028700837,
        "8980.jpg": 0.25835861996569864,
        "8990.jpg": 0.2630174061736438,
        "3409.jpg": 0.3127924611005797,
        "8116.jpg": 0.2078285616057522,
        "3486.jpg": 0.36023759297774294,
        "1468.jpg": 0.24990315316920814,
        "1479.jpg": 0.25412994628747243,
        "1484.jpg": 0.2164367514991027,
        "1488.jpg": 0.43777639635061877,
        "3448.jpg": 0.24068762039742614,
        "1472.jpg": 0.2249644967156981,
        "3402.jpg": 0.3499889197971814,
        "8965.jpg": 0.3483097633251818
    },
    "8186.jpg": {
        "8982.jpg": 0.2746483058581856,
        "8189.jpg": 0.10807934873175906,
        "8994.jpg": 0.20629758577882684,
        "8980.jpg": 0.23597861098304485,
        "8990.jpg": 0.22718411811209147,
        "3409.jpg": 0.3039830877111179,
        "8116.jpg": 0.1800149847442033,
        "3486.jpg": 0.34845911314776845,
        "1468.jpg": 0.2582698037340165,
        "1479.jpg": 0.2475897624789093,
        "1484.jpg": 0.20070057671994518,
        "1488.jpg": 0.42532421035749457,
        "3448.jpg": 0.2324147848208169,
        "1472.jpg": 0.21036840220417147,
        "3402.jpg": 0.3541144139255844,
        "8965.jpg": 0.3140716988020999
    }
}