{
    "8200.jpg vs 8116.jpg": {
        "global_distance": 60.5201595326616
    },
    "3486.jpg vs 3402.jpg": {
        "global_distance": 62.26574131511574
    },
    "8200.jpg vs 8185.jpg": {
        "global_distance": 71.48833082322315
    },
    "8982.jpg vs 8965.jpg": {
        "global_distance": 73.35574908847197
    },
    "8982.jpg vs 8990.jpg": {
        "global_distance": 73.97332739103537
    }
}